{
  "ProGAN": 0.5723905723905723,
  "SD_v1.5": 0.8181818181818182,
  "Wukong": 0.8653198653198653,
  "mean": 0.7519640852974186
}