{
  "ProGAN": 0.6094276094276093,
  "SD_v1.5": 0.8170594837261503,
  "Wukong": 0.8540965207631874,
  "mean": 0.7601945379723157
}