{
  "ProGAN": 0.6419753086419753,
  "SD_v1.5": 0.8552188552188552,
  "Wukong": 0.8316498316498316,
  "mean": 0.7762813318368874
}